{"cameraMode":{"drawMode":0,"name":"Shaded","section":"Shading Mode"},"sceneLighting":true,"audioPlay":false,"sceneViewState":{"showFog":true,"showMaterialUpdate":false,"showSkybox":true,"showFlares":true,"showImageEffects":true,"showParticleSystems":true},"in2DMode":false,"pivot":{"x":-0.2467031478881836,"y":0.31507110595703127,"z":0.08718490600585938},"rotation":{"x":-0.07699374854564667,"y":0.9014797210693359,"z":-0.17974720895290376,"w":-0.3861433267593384},"size":8.508334159851075,"orthographic":false}